"CBSA","CBSA Code","Year","Days with AQI","Good Days","Moderate Days","Unhealthy for Sensitive Groups Days","Unhealthy Days","Very Unhealthy Days","Hazardous Days","Max AQI","90th Percentile AQI","Median AQI","Days CO","Days NO2","Days Ozone","Days SO2","Days PM2.5","Days PM10"
"Aberdeen, SD","10100",2020,180,166,14,0,0,0,0,61,48,23,0,0,0,0,142,38
"Aberdeen, WA","10140",2020,244,242,2,0,0,0,0,83,28,17,0,0,0,0,244,0
"Adjuntas, PR","10260",2020,18,18,0,0,0,0,0,37,32,12,0,0,0,0,18,0
"Adrian, MI","10300",2020,182,149,32,1,0,0,0,122,56,39,0,0,102,0,80,0
"Akron, OH","10420",2020,274,203,68,3,0,0,0,107,63,43,0,0,132,0,142,0
"Albany, GA","10500",2020,244,182,60,2,0,0,0,114,63,37,0,0,0,0,244,0
"Albany, OR","10540",2020,182,161,21,0,0,0,0,70,51,19,0,0,0,0,182,0
"Albany-Schenectady-Troy, NY","10580",2020,274,240,34,0,0,0,0,75,53,39,1,0,169,0,104,0
"Albuquerque, NM","10740",2020,183,101,82,0,0,0,0,100,65,50,1,0,127,0,25,30
"Alexandria, LA","10780",2020,61,57,3,1,0,0,0,103,47,22,0,0,0,0,61,0
"Allentown-Bethlehem-Easton, PA-NJ","10900",2020,244,206,38,0,0,0,0,93,54,39,0,4,148,0,92,0
"Altoona, PA","11020",2020,239,206,33,0,0,0,0,85,54,40,0,0,155,1,83,0
"Amarillo, TX","11100",2020,244,160,77,7,0,0,0,138,74,46,0,0,212,26,6,0
"Americus, GA","11140",2020,212,209,3,0,0,0,0,64,45,34,0,0,212,0,0,0
"Anchorage, AK","11260",2020,183,158,24,1,0,0,0,103,57,26,4,0,0,0,110,69
"Ann Arbor, MI","11460",2020,244,199,42,3,0,0,0,126,57,39,0,0,193,0,51,0
"Appleton, WI","11540",2020,182,149,31,2,0,0,0,126,58,39,0,0,81,3,98,0
"Ardmore, OK","11620",2020,271,178,92,1,0,0,0,147,64,44,0,0,133,0,138,0
"Arkadelphia, AR","11660",2020,221,220,1,0,0,0,0,67,41,31,0,0,221,0,0,0
"Asheville, NC","11700",2020,274,241,33,0,0,0,0,97,52,41,0,0,204,8,62,0
"Ashtabula, OH","11780",2020,274,257,17,0,0,0,0,93,46,35,0,0,211,63,0,0
"Athens, OH","11900",2020,51,49,2,0,0,0,0,55,44,25,0,0,0,0,51,0
"Athens, TN","11940",2020,174,164,10,0,0,0,0,88,40,22,0,0,0,0,174,0
"Athens-Clarke County, GA","12020",2020,244,219,25,0,0,0,0,99,51,37,0,0,109,0,135,0
"Atlanta-Sandy Springs-Roswell, GA","12060",2020,275,192,80,3,0,0,0,125,64,44,1,11,146,0,117,0
"Atlantic City-Hammonton, NJ","12100",2020,182,174,8,0,0,0,0,90,44,34,0,0,147,1,34,0
"Augusta-Richmond County, GA-SC","12260",2020,274,212,58,4,0,0,0,115,57,43,0,0,119,17,138,0
"Augusta-Waterville, ME","12300",2020,215,212,3,0,0,0,0,64,44,35,0,4,197,0,14,0
"Austin-Round Rock, TX","12420",2020,183,135,47,0,1,0,0,153,59,44,1,3,85,0,94,0
"Bakersfield, CA","12540",2020,214,89,116,8,1,0,0,197,90,55,1,0,140,0,67,6
"Baltimore-Columbia-Towson, MD","12580",2020,304,241,60,3,0,0,0,119,58,42,0,14,240,0,50,0
"Bangor, ME","12620",2020,305,295,10,0,0,0,0,73,44,31,0,0,209,0,94,2
"Baraboo, WI","12660",2020,182,150,31,1,0,0,0,112,56,39,0,0,80,0,102,0
"Barnstable Town, MA","12700",2020,203,196,5,2,0,0,0,108,46,38,0,0,200,0,3,0
"Bartlesville, OK","12780",2020,251,215,35,1,0,0,0,101,57,41,0,0,180,0,71,0
"Baton Rouge, LA","12940",2020,275,190,78,7,0,0,0,136,71,44,1,1,150,8,115,0
"Bay City, MI","13020",2020,181,177,4,0,0,0,0,55,38,19,0,0,0,0,181,0
"Beaumont-Port Arthur, TX","13140",2020,182,124,55,3,0,0,0,122,71,44,0,0,110,15,57,0
"Beaver Dam, WI","13180",2020,194,156,36,2,0,0,0,136,58,40,1,0,125,0,57,11
"Bellingham, WA","13380",2020,244,204,34,3,3,0,0,182,62,34,0,0,109,103,32,0
"Bemidji, MN","13420",2020,180,177,3,0,0,0,0,73,40,24,0,0,0,0,180,0
"Bend-Redmond, OR","13460",2020,182,182,0,0,0,0,0,33,23,13,0,0,0,0,182,0
"Bennington, VT","13540",2020,182,174,8,0,0,0,0,66,46,39,0,0,164,0,18,0
"Berlin, NH-VT","13620",2020,182,157,25,0,0,0,0,74,54,45,0,0,182,0,0,0
"Big Spring, TX","13700",2020,197,172,21,3,1,0,0,200,57,9,0,0,0,197,0,0
"Billings, MT","13740",2020,213,206,6,0,1,0,0,160,37,20,0,0,0,5,208,0
"Birmingham-Hoover, AL","13820",2020,245,145,97,3,0,0,0,129,67,47,1,1,93,7,143,0
"Bishop, CA","13860",2020,274,163,94,14,1,0,2,458,89,46,0,0,222,0,1,51
"Bismarck, ND","13900",2020,274,247,27,0,0,0,0,74,50,38,0,1,209,0,63,1
"Blacksburg-Christiansburg-Radford, VA","13980",2020,201,153,41,4,3,0,0,200,70,42,0,0,130,71,0,0
"Bloomington, IL","14010",2020,272,211,58,3,0,0,0,136,58,42,0,0,154,0,118,0
"Bloomington, IN","14020",2020,274,239,35,0,0,0,0,90,52,39,0,0,189,0,85,0
"Boise City, ID","14260",2020,183,148,35,0,0,0,0,76,59,42,1,2,99,0,78,3
"Borger, TX","14420",2020,212,139,45,28,0,0,0,145,105,26,0,0,0,212,0,0
"Boston-Cambridge-Newton, MA-NH","14460",2020,224,182,42,0,0,0,0,90,54,43,0,14,129,0,81,0
"Boulder, CO","14500",2020,277,162,99,15,1,0,0,161,84,48,0,0,208,0,68,1
"Bowling Green, KY","14540",2020,245,218,27,0,0,0,0,97,51,38,3,0,173,0,69,0
"Bozeman, MT","14580",2020,245,237,4,4,0,0,0,131,31,16,4,10,0,0,231,0
"Brainerd, MN","14660",2020,182,173,9,0,0,0,0,76,44,33,0,0,95,0,87,0
"Branson, MO","14700",2020,20,20,0,0,0,0,0,24,20,13,0,0,0,0,20,0
"Bremerton-Silverdale, WA","14740",2020,239,236,3,0,0,0,0,71,28,16,0,0,0,0,239,0
"Bridgeport-Stamford-Norwalk, CT","14860",2020,182,137,43,2,0,0,0,143,63,44,0,9,112,0,61,0
"Brookings, SD","15100",2020,182,161,21,0,0,0,0,87,54,39,0,0,168,0,12,2
"Brownsville-Harlingen, TX","15180",2020,182,106,68,5,3,0,0,176,72,45,0,0,42,0,140,0
"Brunswick, GA","15260",2020,234,229,5,0,0,0,0,96,44,31,0,0,190,0,44,0
"Buffalo-Cheektowaga-Niagara Falls, NY","15380",2020,275,234,39,0,2,0,0,155,54,38,1,4,217,1,52,0
"Burlington-South Burlington, VT","15540",2020,183,166,17,0,0,0,0,98,49,40,1,0,144,0,38,0
"Butte-Silver Bow, MT","15580",2020,213,206,7,0,0,0,0,85,35,15,0,0,0,0,92,121
"Cadillac, MI","15620",2020,274,244,29,1,0,0,0,105,51,37,0,4,225,0,45,0
"Cambridge, MD","15700",2020,273,260,13,0,0,0,0,84,48,37,0,0,268,0,5,0
"Canton-Massillon, OH","15940",2020,274,194,77,3,0,0,0,119,64,43,0,0,156,0,118,0
"Cape Coral-Fort Myers, FL","15980",2020,182,157,25,0,0,0,0,100,54,41,0,0,134,0,48,0
"Carlsbad-Artesia, NM","16100",2020,240,162,73,5,0,0,0,115,71,47,0,0,239,0,1,0
"Carson City, NV","16180",2020,182,171,11,0,0,0,0,100,48,40,0,0,151,0,31,0
"Casper, WY","16220",2020,182,173,9,0,0,0,0,64,48,42,0,0,181,0,1,0
"Ca¤on City, CO","15860",2020,12,12,0,0,0,0,0,27,20,12,0,0,0,0,0,12
"Cedar City, UT","16260",2020,305,272,33,0,0,0,0,86,51,41,0,11,269,0,25,0
"Cedar Rapids, IA","16300",2020,305,231,73,1,0,0,0,105,58,39,0,0,132,8,165,0
"Centralia, WA","16500",2020,243,243,0,0,0,0,0,38,28,17,0,0,0,0,243,0
"Chambersburg-Waynesboro, PA","16540",2020,210,210,0,0,0,0,0,47,42,34,0,0,210,0,0,0
"Champaign-Urbana, IL","16580",2020,274,226,46,2,0,0,0,126,55,40,0,0,185,0,89,0
"Charleston, WV","16620",2020,275,257,18,0,0,0,0,84,48,37,1,0,210,0,64,0
"Charleston-North Charleston, SC","16700",2020,274,250,23,1,0,0,0,117,50,36,0,2,140,0,132,0
"Charlotte-Concord-Gastonia, NC-SC","16740",2020,306,250,54,2,0,0,0,112,55,42,1,0,193,0,112,0
"Charlottesville, VA","16820",2020,269,261,8,0,0,0,0,63,46,35,0,0,197,0,72,0
"Chattanooga, TN-GA","16860",2020,274,224,50,0,0,0,0,87,54,40,0,0,147,0,127,0
"Cheyenne, WY","16940",2020,183,169,14,0,0,0,0,77,48,40,1,0,174,0,3,5
"Chicago-Naperville-Elgin, IL-IN-WI","16980",2020,274,91,157,21,5,0,0,197,100,56,0,6,103,15,131,19
"Chico, CA","17020",2020,214,146,68,0,0,0,0,93,67,43,1,0,166,0,47,0
"Cincinnati, OH-KY-IN","17140",2020,275,154,115,6,0,0,0,126,74,49,1,11,131,5,126,1
"Claremont-Lebanon, NH-VT","17200",2020,244,242,2,0,0,0,0,57,42,35,0,0,232,0,12,0
"Clarksburg, WV","17220",2020,90,84,6,0,0,0,0,78,46,26,0,0,0,0,90,0
"Clarksville, TN-KY","17300",2020,244,223,20,1,0,0,0,107,50,38,0,0,204,0,40,0
"Clearlake, CA","17340",2020,172,172,0,0,0,0,0,48,40,30,0,0,165,0,5,2
"Cleveland, MS","17380",2020,274,224,50,0,0,0,0,85,55,40,0,0,135,0,139,0
"Cleveland-Elyria, OH","17460",2020,275,162,100,12,1,0,0,154,80,47,1,1,139,9,124,1
"Clinton, IA","17540",2020,304,244,60,0,0,0,0,87,58,38,0,0,178,1,125,0
"Coeur d'Alene, ID","17660",2020,180,180,0,0,0,0,0,40,25,13,0,0,0,0,180,0
"College Station-Bryan, TX","17780",2020,169,151,18,0,0,0,0,99,51,26,0,0,0,46,123,0
"Colorado Springs, CO","17820",2020,275,183,85,6,1,0,0,151,74,46,0,0,238,0,36,1
"Columbia, MO","17860",2020,153,144,9,0,0,0,0,93,45,36,0,0,153,0,0,0
"Columbia, SC","17900",2020,275,244,30,1,0,0,0,117,51,38,1,2,163,0,109,0
"Columbus, GA-AL","17980",2020,274,230,43,1,0,0,0,101,55,36,0,0,127,0,147,0
"Columbus, IN","18020",2020,274,241,33,0,0,0,0,97,53,38,0,0,221,0,53,0
"Columbus, OH","18140",2020,275,221,52,2,0,0,0,101,61,42,1,4,184,0,86,0
"Concord, NH","18180",2020,182,180,2,0,0,0,0,71,44,37,0,0,121,61,0,0
"Cookeville, TN","18260",2020,180,175,4,1,0,0,0,105,37,20,0,0,0,0,180,0
"Corning, NY","18500",2020,275,268,7,0,0,0,0,77,44,36,1,0,215,0,59,0
"Corpus Christi, TX","18580",2020,182,126,54,0,2,0,0,159,67,43,0,0,99,0,83,0
"Corsicana, TX","18620",2020,213,154,53,6,0,0,0,147,68,40,0,1,101,33,78,0
"Corvallis, OR","18700",2020,182,181,1,0,0,0,0,52,28,15,0,0,0,0,182,0
"Crescent City, CA","18860",2020,170,146,18,3,2,1,0,220,54,30,0,0,0,0,170,0
"Crestview-Fort Walton Beach-Destin, FL","18880",2020,181,175,6,0,0,0,0,74,47,36,0,0,165,0,0,16
"Cullowhee, NC","19000",2020,20,20,0,0,0,0,0,38,38,21,0,0,0,0,20,0
"Cumberland, MD-WV","19060",2020,156,156,0,0,0,0,0,9,3,1,0,0,0,156,0,0
"Dallas-Fort Worth-Arlington, TX","19100",2020,214,118,85,10,1,0,0,151,90,48,1,5,118,0,90,0
"Dalton, GA","19140",2020,198,187,10,1,0,0,0,139,48,37,0,0,181,0,17,0
"Daphne-Fairhope-Foley, AL","19300",2020,168,159,9,0,0,0,0,74,48,37,0,0,130,0,38,0
"Davenport-Moline-Rock Island, IA-IL","19340",2020,306,194,109,2,1,0,0,155,64,45,1,0,109,0,110,86
"Dayton, OH","19380",2020,275,191,80,4,0,0,0,112,64,44,1,0,162,0,111,1
"Decatur, AL","19460",2020,202,181,21,0,0,0,0,71,51,34,0,0,111,0,91,0
"Decatur, IL","19500",2020,274,215,59,0,0,0,0,90,55,42,0,0,119,40,115,0
"Deltona-Daytona Beach-Ormond Beach, FL","19660",2020,182,160,22,0,0,0,0,77,53,42,0,0,115,0,67,0
"Deming, NM","19700",2020,262,249,12,0,0,0,1,360,38,19,0,0,0,0,0,262
"Denver-Aurora-Lakewood, CO","19740",2020,285,89,165,27,4,0,0,161,103,59,0,31,175,0,63,16
"Des Moines-West Des Moines, IA","19780",2020,305,263,40,0,2,0,0,186,54,36,0,6,187,0,112,0
"Detroit-Warren-Dearborn, MI","19820",2020,183,104,70,9,0,0,0,126,75,48,1,7,66,13,96,0
"Dickinson, ND","19860",2020,273,267,6,0,0,0,0,57,45,36,0,0,254,0,19,0
"Dodge City, KS","19980",2020,155,154,1,0,0,0,0,67,25,10,0,0,0,0,0,155
"Douglas, GA","20060",2020,80,78,1,1,0,0,0,108,42,25,0,0,0,0,80,0
"Dover, DE","20100",2020,182,166,16,0,0,0,0,80,48,39,0,0,147,0,35,0
"DuBois, PA","20180",2020,203,201,2,0,0,0,0,54,42,34,0,0,203,0,0,0
"Duluth, MN-WI","20260",2020,242,222,19,1,0,0,0,104,49,38,0,1,181,0,57,3
"Durango, CO","20420",2020,238,194,44,0,0,0,0,90,58,44,0,2,233,0,3,0
"Durham-Chapel Hill, NC","20500",2020,274,255,19,0,0,0,0,97,48,36,0,0,165,7,101,1
"Dyersburg, TN","20540",2020,173,163,9,1,0,0,0,117,40,22,0,0,0,0,173,0
"Eagle Pass, TX","20580",2020,165,143,21,0,1,0,0,160,54,24,0,0,0,0,165,0
"East Stroudsburg, PA","20700",2020,208,206,2,0,0,0,0,80,45,37,0,0,208,0,0,0
"Eau Claire, WI","20740",2020,182,160,22,0,0,0,0,93,52,39,0,0,84,0,98,0
"Effingham, IL","20820",2020,135,125,10,0,0,0,0,84,48,38,0,0,135,0,0,0
"El Centro, CA","20940",2020,197,130,65,2,0,0,0,124,71,42,0,0,36,0,134,27
"El Dorado, AR","20980",2020,91,79,12,0,0,0,0,89,52,33,0,0,0,0,91,0
"El Paso, TX","21340",2020,183,96,82,5,0,0,0,116,77,50,1,13,115,0,41,13
"Elizabethtown-Fort Knox, KY","21060",2020,182,162,20,0,0,0,0,80,51,39,0,0,98,0,84,0
"Elkhart-Goshen, IN","21140",2020,274,244,28,0,2,0,0,158,51,37,0,0,198,0,76,0
"Elko, NV","21220",2020,179,177,2,0,0,0,0,86,25,13,0,0,0,0,0,179
"Ellensburg, WA","21260",2020,243,233,10,0,0,0,0,64,34,15,0,0,0,0,243,0
"Emporia, KS","21380",2020,20,20,0,0,0,0,0,30,28,14,0,0,0,0,20,0
"Enid, OK","21420",2020,269,268,1,0,0,0,0,51,11,0,0,0,0,269,0,0
"Erie, PA","21500",2020,245,224,21,0,0,0,0,82,47,35,3,0,160,0,82,0
"Espa¤ola, NM","21580",2020,179,153,26,0,0,0,0,77,58,44,0,0,179,0,0,0
"Eugene, OR","21660",2020,274,211,51,2,0,2,8,550,66,36,0,0,104,0,165,5
"Eureka-Arcata-Fortuna, CA","21700",2020,273,266,7,0,0,0,0,64,35,27,0,0,223,1,35,14
"Evanston, WY","21740",2020,237,194,41,2,0,0,0,122,58,44,0,2,225,0,0,10
"Evansville, IN-KY","21780",2020,275,211,59,5,0,0,0,114,71,41,1,0,181,35,58,0
"Fairbanks, AK","21820",2020,183,132,41,3,7,0,0,167,89,35,1,0,81,1,97,3
"Fairmont, WV","21900",2020,58,54,4,0,0,0,0,67,50,28,0,0,0,0,58,0
"Fallon, NV","21980",2020,179,170,9,0,0,0,0,90,47,41,0,0,179,0,0,0
"Fargo, ND-MN","22020",2020,271,257,14,0,0,0,0,80,44,34,0,7,223,0,41,0
"Farmington, NM","22140",2020,274,209,65,0,0,0,0,100,61,45,0,0,244,0,0,30
"Fayetteville, NC","22180",2020,273,250,23,0,0,0,0,81,49,36,0,0,174,0,96,3
"Fayetteville-Springdale-Rogers, AR-MO","22220",2020,274,236,37,1,0,0,0,150,54,40,0,0,194,0,80,0
"Fernley, NV","22280",2020,179,175,4,0,0,0,0,87,46,38,0,0,178,0,0,1
"Flagstaff, AZ","22380",2020,274,227,47,0,0,0,0,93,58,45,0,0,274,0,0,0
"Flint, MI","22420",2020,182,161,20,1,0,0,0,126,51,38,0,0,128,0,54,0
"Florence, SC","22500",2020,274,262,12,0,0,0,0,95,45,33,0,0,155,0,119,0
"Fond du Lac, WI","22540",2020,95,86,7,2,0,0,0,115,49,38,0,0,95,0,0,0
"Fort Collins, CO","22660",2020,270,155,104,11,0,0,0,146,87,49,0,0,236,0,34,0
"Fort Madison-Keokuk, IA-IL-MO","22800",2020,91,82,9,0,0,0,0,60,50,30,0,0,0,0,91,0
"Fort Payne, AL","22840",2020,242,234,8,0,0,0,0,90,46,37,0,0,230,0,12,0
"Fort Smith, AR-OK","22900",2020,211,194,16,1,0,0,0,141,49,34,0,11,107,0,93,0
"Fort Wayne, IN","23060",2020,274,190,82,2,0,0,0,120,61,44,0,0,134,0,140,0
"Fresno, CA","23420",2020,274,87,135,36,16,0,0,198,122,64,0,1,175,0,91,7
"Gadsden, AL","23460",2020,169,161,8,0,0,0,0,92,46,35,0,0,137,0,32,0
"Gainesville, FL","23540",2020,182,156,25,1,0,0,0,105,53,39,0,0,122,0,60,0
"Gainesville, GA","23580",2020,238,200,38,0,0,0,0,98,56,33,0,0,0,0,238,0
"Gardnerville Ranchos, NV","23820",2020,182,179,3,0,0,0,0,55,28,12,0,0,0,0,182,0
"Gettysburg, PA","23900",2020,245,210,35,0,0,0,0,74,54,41,1,0,207,0,37,0
"Gillette, WY","23940",2020,274,232,41,1,0,0,0,117,56,37,0,1,113,0,0,160
"Glenwood Springs, CO","24060",2020,201,143,58,0,0,0,0,97,71,47,0,0,181,0,0,20
"Grand Island, NE","24260",2020,285,263,22,0,0,0,0,85,44,19,0,0,0,0,285,0
"Grand Junction, CO","24300",2020,277,243,34,0,0,0,0,99,54,42,0,0,156,0,100,21
"Grand Rapids-Wyoming, MI","24340",2020,183,152,26,5,0,0,0,150,58,38,2,0,131,0,50,0
"Grants Pass, OR","24420",2020,187,167,20,0,0,0,0,89,52,20,0,0,0,0,187,0
"Great Falls, MT","24500",2020,207,205,2,0,0,0,0,62,31,18,0,0,0,0,207,0
"Greeley, CO","24540",2020,276,165,101,10,0,0,0,140,84,48,0,0,201,0,75,0
"Green Bay, WI","24580",2020,182,151,30,1,0,0,0,119,58,38,0,0,85,0,97,0
"Greenfield Town, MA","24640",2020,223,200,23,0,0,0,0,84,51,38,0,0,131,0,92,0
"Greensboro-High Point, NC","24660",2020,274,257,17,0,0,0,0,87,49,38,0,0,187,0,84,3
"Greenville, NC","24780",2020,271,255,16,0,0,0,0,95,48,35,0,0,180,0,91,0
"Greenville-Anderson-Mauldin, SC","24860",2020,309,259,49,1,0,0,0,116,54,39,0,0,227,0,82,0
"Guayama, PR","25020",2020,18,17,1,0,0,0,0,57,40,18,0,0,0,0,18,0
"Gulfport-Biloxi-Pascagoula, MS","25060",2020,272,188,83,1,0,0,0,101,61,44,0,1,103,0,168,0
"Hagerstown-Martinsburg, MD-WV","25180",2020,305,274,31,0,0,0,0,76,51,38,0,0,222,0,83,0
"Hailey, ID","25200",2020,182,182,0,0,0,0,0,48,20,12,0,0,0,0,182,0
"Hammond, LA","25220",2020,61,55,6,0,0,0,0,63,49,25,0,0,0,0,61,0
"Hanford-Corcoran, CA","25260",2020,305,93,169,36,6,0,1,543,109,64,0,0,146,0,90,69
"Harrisburg-Carlisle, PA","25420",2020,244,182,62,0,0,0,0,98,62,42,0,0,125,0,119,0
"Harrison, AR","25460",2020,271,266,5,0,0,0,0,84,45,36,0,0,271,0,0,0
"Harrisonburg, VA","25500",2020,272,269,3,0,0,0,0,61,44,33,0,50,200,0,22,0
"Hartford-West Hartford-East Hartford, CT","25540",2020,183,154,29,0,0,0,0,97,55,41,1,12,124,0,46,0
"Hattiesburg, MS","25620",2020,274,219,55,0,0,0,0,97,58,34,0,0,0,0,274,0
"Helena, MT","25740",2020,214,198,16,0,0,0,0,67,49,41,1,0,190,0,23,0
"Hermiston-Pendleton, OR","25840",2020,152,145,7,0,0,0,0,66,45,31,0,0,61,0,91,0
"Hickory-Lenoir-Morganton, NC","25860",2020,274,250,24,0,0,0,0,94,49,38,0,0,153,0,120,1
"Hilo, HI","25900",2020,244,242,2,0,0,0,0,58,27,13,0,0,0,25,219,0
"Hobbs, NM","26020",2020,182,174,8,0,0,0,0,67,48,39,0,4,170,0,8,0
"Holland, MI","26090",2020,175,158,13,4,0,0,0,136,50,38,0,0,123,0,52,0
"Homosassa Springs, FL","26140",2020,179,154,24,1,0,0,0,125,53,34,0,0,0,5,174,0
"Hot Springs, AR","26300",2020,91,80,11,0,0,0,0,83,52,28,0,0,0,0,91,0
"Houghton, MI","26340",2020,20,20,0,0,0,0,0,35,30,8,0,0,0,0,20,0
"Houma-Thibodaux, LA","26380",2020,274,212,62,0,0,0,0,90,57,41,0,0,130,0,144,0
"Houston-The Woodlands-Sugar Land, TX","26420",2020,183,84,89,8,2,0,0,179,90,53,1,6,89,0,86,1
"Huntington-Ashland, WV-KY-OH","26580",2020,274,248,26,0,0,0,0,100,50,38,0,7,176,0,90,1
"Huntsville, AL","26620",2020,182,158,24,0,0,0,0,88,54,40,0,0,79,0,103,0
"Idaho Falls, ID","26820",2020,244,221,22,1,0,0,0,126,50,42,0,0,233,0,11,0
"Indiana, PA","26860",2020,237,224,12,1,0,0,0,112,47,36,0,0,201,36,0,0
"Indianapolis-Carmel-Anderson, IN","26900",2020,275,153,118,4,0,0,0,115,69,48,1,0,134,0,137,3
"Iowa City, IA","26980",2020,301,243,58,0,0,0,0,89,56,33,0,0,0,0,301,0
"Ithaca, NY","27060",2020,242,239,3,0,0,0,0,58,44,36,0,0,242,0,0,0
"Jackson, MS","27140",2020,285,203,81,1,0,0,0,114,60,43,1,2,87,0,195,0
"Jackson, TN","27180",2020,176,172,3,1,0,0,0,108,35,22,0,0,0,0,176,0
"Jackson, WY-ID","27220",2020,245,224,15,5,1,0,0,155,50,44,1,0,237,0,7,0
"Jacksonville, FL","27260",2020,183,129,52,2,0,0,0,140,59,45,1,0,80,10,92,0
"Jamestown-Dunkirk-Fredonia, NY","27460",2020,272,249,23,0,0,0,0,93,49,38,0,0,264,0,8,0
"Janesville-Beloit, WI","27500",2020,99,90,6,3,0,0,0,105,50,40,0,0,99,0,0,0
"Jasper, IN","27540",2020,93,80,13,0,0,0,0,67,54,32,0,0,0,0,91,2
"Jefferson City, MO","27620",2020,153,142,11,0,0,0,0,87,46,38,0,0,153,0,0,0
"Johnstown, PA","27780",2020,245,210,35,0,0,0,0,89,54,37,1,1,113,0,130,0
"Joplin, MO","27900",2020,213,186,27,0,0,0,0,82,51,38,0,0,136,0,0,77
"Juneau, AK","27940",2020,177,174,3,0,0,0,0,66,35,13,0,0,0,0,161,16
"Kahului-Wailuku-Lahaina, HI","27980",2020,170,168,2,0,0,0,0,56,23,15,0,0,0,0,170,0
"Kalamazoo-Portage, MI","28020",2020,181,159,18,4,0,0,0,115,54,39,0,0,122,0,59,0
"Kalispell, MT","28060",2020,244,229,15,0,0,0,0,91,47,35,0,0,204,0,17,23
"Kansas City, MO-KS","28140",2020,214,123,87,3,1,0,0,157,74,48,1,3,90,0,108,12
"Kapaa, HI","28180",2020,182,182,0,0,0,0,0,41,31,14,0,24,0,0,158,0
"Keene, NH","28300",2020,182,172,10,0,0,0,0,66,45,37,0,0,147,0,35,0
"Kennewick-Richland, WA","28420",2020,244,228,16,0,0,0,0,90,47,31,0,0,106,0,96,42
"Killeen-Temple, TX","28660",2020,182,143,38,1,0,0,0,135,58,42,0,0,117,0,65,0
"Kingsport-Bristol-Bristol, TN-VA","28700",2020,192,174,16,2,0,0,0,109,50,38,0,0,99,46,47,0
"Kingsville, TX","28780",2020,163,112,48,1,2,0,0,168,68,38,0,0,0,0,163,0
"Kinston, NC","28820",2020,207,201,6,0,0,0,0,58,46,36,0,0,207,0,0,0
"Klamath Falls, OR","28900",2020,111,67,44,0,0,0,0,98,73,38,0,0,0,0,111,0
"Knoxville, TN","28940",2020,305,250,55,0,0,0,0,92,54,40,0,0,223,0,82,0
"Kokomo, IN","29020",2020,274,237,36,1,0,0,0,108,53,39,0,0,209,0,65,0
"La Crosse-Onalaska, WI-MN","29100",2020,180,152,28,0,0,0,0,93,55,38,0,0,86,0,94,0
"La Grande, OR","29260",2020,106,106,0,0,0,0,0,46,28,17,0,0,0,0,89,17
"Laconia, NH","29060",2020,177,176,1,0,0,0,0,61,44,36,0,0,118,0,59,0
"Lafayette, LA","29180",2020,274,214,59,1,0,0,0,120,59,40,0,0,171,0,103,0
"Lafayette-West Lafayette, IN","29200",2020,274,200,74,0,0,0,0,100,57,43,0,0,151,0,123,0
"Lake Charles, LA","29340",2020,263,181,81,1,0,0,0,116,62,43,0,0,121,5,137,0
"Lake City, FL","29380",2020,130,109,18,1,2,0,0,158,54,40,0,0,60,0,70,0
"Lake Havasu City-Kingman, AZ","29420",2020,267,262,4,1,0,0,0,116,34,19,0,0,0,0,3,264
"Lakeland-Winter Haven, FL","29460",2020,182,146,36,0,0,0,0,87,57,41,0,0,116,1,65,0
"Lancaster, PA","29540",2020,244,179,63,2,0,0,0,105,60,42,0,0,116,0,126,2
"Lansing-East Lansing, MI","29620",2020,182,164,18,0,0,0,0,90,50,36,0,3,138,0,41,0
"Laramie, WY","29660",2020,242,175,63,4,0,0,0,136,64,47,0,0,224,0,0,18
"Laredo, TX","29700",2020,183,128,52,2,1,0,0,160,67,42,1,0,91,0,91,0
"Las Cruces, NM","29740",2020,274,171,92,8,1,1,1,346,73,48,0,4,142,0,49,79
"Las Vegas-Henderson-Paradise, NV","29820",2020,275,93,163,17,2,0,0,174,93,58,1,13,203,0,53,5
"Lawrenceburg, TN","29980",2020,182,177,5,0,0,0,0,72,35,19,0,0,0,0,182,0
"Lawton, OK","30020",2020,272,221,50,1,0,0,0,107,58,43,0,0,170,0,102,0
"Lebanon, PA","30140",2020,42,34,8,0,0,0,0,79,58,30,0,0,2,0,40,0
"Lewiston, ID-WA","30300",2020,274,223,43,1,5,1,1,321,57,28,0,0,0,0,274,0
"Lewiston-Auburn, ME","30340",2020,305,294,11,0,0,0,0,64,44,31,0,0,191,0,112,2
"Lexington-Fayette, KY","30460",2020,187,169,18,0,0,0,0,80,50,38,0,7,96,0,79,5
"Lima, OH","30620",2020,268,234,33,1,0,0,0,105,54,38,0,0,200,1,67,0
"Lincoln, NE","30700",2020,244,237,7,0,0,0,0,74,45,32,0,0,171,44,29,0
"Little Rock-North Little Rock-Conway, AR","30780",2020,275,207,66,2,0,0,0,132,59,42,1,4,138,0,132,0
"Logan, UT-ID","30860",2020,305,212,85,4,4,0,0,159,71,44,0,0,199,0,91,15
"Longview, TX","30980",2020,182,161,18,3,0,0,0,114,51,36,0,5,141,36,0,0
"Longview, WA","31020",2020,244,243,1,0,0,0,0,53,26,14,0,0,0,0,244,0
"Los Alamos, NM","31060",2020,20,20,0,0,0,0,0,13,11,5,0,0,0,0,20,0
"Los Angeles-Long Beach-Anaheim, CA","31080",2020,183,58,87,25,11,2,0,206,140,62,1,17,106,0,57,2
"Louisville/Jefferson County, KY-IN","31140",2020,274,203,70,1,0,0,0,143,59,44,0,4,156,0,114,0
"Lubbock, TX","31180",2020,208,196,12,0,0,0,0,72,40,19,0,0,0,0,208,0
"Ludington, MI","31220",2020,224,202,20,1,1,0,0,159,50,38,0,0,224,0,0,0
"Lynchburg, VA","31340",2020,65,64,1,0,0,0,0,54,36,21,0,0,0,0,65,0
"Macon, GA","31420",2020,274,245,29,0,0,0,0,97,51,35,0,0,137,0,137,0
"Madera, CA","31460",2020,212,122,87,3,0,0,0,143,71,48,0,0,153,0,59,0
"Madison, WI","31540",2020,182,139,39,4,0,0,0,115,60,42,0,0,74,0,108,0
"Manchester-Nashua, NH","31700",2020,183,179,4,0,0,0,0,74,46,40,1,0,182,0,0,0
"Manitowoc, WI","31820",2020,85,71,11,3,0,0,0,136,64,39,0,1,84,0,0,0
"Marietta, OH","31930",2020,214,202,11,1,0,0,0,108,49,39,0,0,214,0,0,0
"Marshall, MN","32140",2020,179,165,14,0,0,0,0,80,48,35,0,0,107,0,72,0
"Marshall, TX","32220",2020,181,162,19,0,0,0,0,100,51,37,0,0,119,7,55,0
"Mason City, IA","32380",2020,93,93,0,0,0,0,0,47,35,17,0,0,0,0,0,93
"Mayaguez, PR","32420",2020,210,152,20,2,11,16,9,396,248,26,0,0,69,0,141,0
"McAlester, OK","32540",2020,273,221,51,1,0,0,0,141,56,40,0,0,157,0,116,0
"McAllen-Edinburg-Mission, TX","32580",2020,182,123,54,3,2,0,0,155,68,42,0,0,73,0,109,0
"Medford, OR","32780",2020,192,173,19,0,0,0,0,65,50,33,0,0,61,0,131,0
"Memphis, TN-MS-AR","32820",2020,274,179,92,3,0,0,0,115,64,46,0,2,132,0,140,0
"Merced, CA","32900",2020,274,147,102,13,12,0,0,183,99,49,0,0,173,0,101,0
"Meridian, MS","32940",2020,209,209,0,0,0,0,0,50,43,32,0,0,209,0,0,0
"Miami, OK","33060",2020,168,147,19,1,1,0,0,154,56,34,0,0,67,0,80,21
"Miami-Fort Lauderdale-West Palm Beach, FL","33100",2020,183,115,68,0,0,0,0,93,64,46,1,0,84,0,96,2
"Michigan City-La Porte, IN","33140",2020,274,224,43,6,1,0,0,154,67,39,0,0,249,0,25,0
"Middlesborough, KY","33180",2020,131,128,3,0,0,0,0,55,47,38,0,0,117,0,14,0
"Milwaukee-Waukesha-West Allis, WI","33340",2020,183,129,50,3,1,0,0,169,66,42,1,9,98,0,75,0
"Minneapolis-St. Paul-Bloomington, MN-WI","33460",2020,183,123,60,0,0,0,0,87,63,45,1,2,89,1,72,18
"Minot, ND","33500",2020,274,267,7,0,0,0,0,69,44,35,0,0,251,0,23,0
"Missoula, MT","33540",2020,213,159,53,1,0,0,0,105,66,42,0,0,127,0,86,0
"Mobile, AL","33660",2020,203,184,19,0,0,0,0,68,50,35,0,0,101,3,99,0
"Modesto, CA","33700",2020,274,139,108,14,13,0,0,184,97,50,0,1,184,0,88,1
"Monroe, LA","33740",2020,274,260,14,0,0,0,0,71,45,33,0,0,257,0,17,0
"Monroe, MI","33780",2020,198,196,2,0,0,0,0,66,19,1,0,0,0,152,0,46
"Montgomery, AL","33860",2020,209,103,104,2,0,0,0,116,67,51,0,0,31,0,178,0
"Morehead City, NC","33980",2020,240,237,3,0,0,0,0,61,44,36,0,0,240,0,0,0
"Morgantown, WV","34060",2020,270,256,14,0,0,0,0,90,48,37,0,0,196,47,27,0
"Morristown, TN","34100",2020,117,112,5,0,0,0,0,61,49,40,0,0,117,0,0,0
"Moscow, ID","34140",2020,182,182,0,0,0,0,0,28,23,14,0,0,0,0,182,0
"Moses Lake, WA","34180",2020,244,243,1,0,0,0,0,53,28,14,0,0,0,0,244,0
"Mount Pleasant, TX","34420",2020,174,174,0,0,0,0,0,19,9,0,0,0,0,174,0,0
"Mount Vernon, IL","34500",2020,261,206,54,1,0,0,0,118,56,41,0,0,139,0,122,0
"Mount Vernon, OH","34540",2020,214,195,19,0,0,0,0,80,50,39,0,0,214,0,0,0
"Mount Vernon-Anacortes, WA","34580",2020,187,187,0,0,0,0,0,44,38,19,0,0,71,0,116,0
"Muncie, IN","34620",2020,273,242,31,0,0,0,0,97,53,37,0,0,242,0,31,0
"Muscatine, IA","34700",2020,305,269,35,1,0,0,0,124,52,29,0,0,0,4,296,5
"Muskegon, MI","34740",2020,124,106,14,4,0,0,0,143,64,39,0,0,124,0,0,0
"Muskogee, OK","34780",2020,230,230,0,0,0,0,0,27,6,0,0,0,0,230,0,0
"Myrtle Beach-Conway-North Myrtle Beach, SC-NC","34820",2020,266,256,10,0,0,0,0,100,46,28,0,0,164,102,0,0
"Napa, CA","34900",2020,215,192,18,5,0,0,0,140,52,34,2,0,146,0,67,0
"Naples-Immokalee-Marco Island, FL","34940",2020,181,151,30,0,0,0,0,84,54,40,0,0,100,0,81,0
"Nashville-Davidson--Murfreesboro--Franklin, TN","34980",2020,213,177,35,1,0,0,0,121,56,41,0,12,85,0,116,0
"New Castle, IN","35220",2020,89,80,9,0,0,0,0,63,51,29,0,0,0,0,89,0
"New Castle, PA","35260",2020,210,204,6,0,0,0,0,93,44,32,0,0,210,0,0,0
"New Haven-Milford, CT","35300",2020,183,142,40,1,0,0,0,101,61,42,2,3,129,0,48,1
"New Orleans-Metairie, LA","35380",2020,275,188,87,0,0,0,0,91,67,44,1,1,143,30,100,0
"New York-Newark-Jersey City, NY-NJ-PA","35620",2020,275,175,92,8,0,0,0,140,80,46,1,26,169,1,78,0
"Niles-Benton Harbor, MI","35660",2020,134,119,9,6,0,0,0,150,51,39,0,0,134,0,0,0
"Nogales, AZ","35700",2020,271,213,56,1,1,0,0,165,60,30,0,0,0,0,146,125
"North Port-Sarasota-Bradenton, FL","35840",2020,182,149,33,0,0,0,0,97,56,42,0,0,123,0,59,0
"Norwich-New London, CT","35980",2020,181,164,17,0,0,0,0,87,50,39,0,0,108,0,73,0
"Ocala, FL","36100",2020,182,142,40,0,0,0,0,100,57,43,0,0,107,0,75,0
"Odessa, TX","36220",2020,197,179,18,0,0,0,0,95,49,24,0,0,0,0,197,0
"Ogden-Clearfield, UT","36260",2020,306,178,114,13,1,0,0,155,84,47,1,11,221,0,72,1
"Ogdensburg-Massena, NY","36300",2020,274,216,44,14,0,0,0,118,75,16,0,0,0,274,0,0
"Oklahoma City, OK","36420",2020,275,163,107,5,0,0,0,121,73,47,1,3,138,0,131,2
"Olympia-Tumwater, WA","36500",2020,244,238,6,0,0,0,0,67,40,23,0,0,109,0,135,0
"Omaha-Council Bluffs, NE-IA","36540",2020,305,240,63,1,1,0,0,156,57,41,0,0,158,13,119,15
"Orlando-Kissimmee-Sanford, FL","36740",2020,183,151,32,0,0,0,0,93,56,42,1,0,136,0,46,0
"Othello, WA","36830",2020,242,242,0,0,0,0,0,40,25,12,0,0,0,0,242,0
"Ottawa-Peru, IL","36860",2020,253,253,0,0,0,0,0,26,1,0,0,0,0,253,0,0
"Owensboro, KY","36980",2020,182,154,27,1,0,0,0,105,54,39,0,2,96,0,84,0
"Oxford, NC","37080",2020,207,206,1,0,0,0,0,51,46,37,0,0,207,0,0,0
"Oxnard-Thousand Oaks-Ventura, CA","37100",2020,274,178,80,13,3,0,0,153,87,46,0,0,248,0,26,0
"Paducah, KY-IL","37140",2020,188,155,31,2,0,0,0,111,58,40,0,5,97,0,80,6
"Pahrump, NV","37220",2020,182,176,6,0,0,0,0,97,29,15,0,0,0,0,0,182
"Palatka, FL","37260",2020,182,181,1,0,0,0,0,67,31,17,0,0,0,1,0,181
"Palm Bay-Melbourne-Titusville, FL","37340",2020,182,157,25,0,0,0,0,80,54,41,0,0,133,0,49,0
"Panama City, FL","37460",2020,179,152,25,2,0,0,0,146,54,40,0,0,121,0,58,0
"Parkersburg-Vienna, WV","37620",2020,274,258,16,0,0,0,0,80,46,35,0,0,199,42,33,0
"Payson, AZ","37740",2020,274,160,101,10,3,0,0,174,81,49,0,0,230,32,0,12
"Pensacola-Ferry Pass-Brent, FL","37860",2020,182,127,55,0,0,0,0,84,58,46,0,0,102,0,80,0
"Peoria, IL","37900",2020,274,233,40,1,0,0,0,115,55,41,0,0,193,0,81,0
"Philadelphia-Camden-Wilmington, PA-NJ-DE-MD","37980",2020,305,201,99,5,0,0,0,129,67,45,0,8,172,0,125,0
"Phoenix-Mesa-Scottsdale, AZ","38060",2020,275,51,179,42,3,0,0,199,110,68,1,1,174,0,46,53
"Pierre, SD","38180",2020,178,176,2,0,0,0,0,76,28,15,0,0,0,0,178,0
"Pittsburgh, PA","38300",2020,275,154,112,9,0,0,0,142,79,48,1,0,134,9,130,1
"Pittsfield, MA","38340",2020,224,202,22,0,0,0,0,80,50,38,0,0,157,0,67,0
"Platteville, WI","38420",2020,177,147,30,0,0,0,0,81,55,31,0,0,0,0,177,0
"Pocatello, ID","38540",2020,182,154,27,1,0,0,0,104,54,40,0,0,69,72,27,14
"Point Pleasant, WV-OH","38580",2020,274,247,22,5,0,0,0,116,50,13,0,0,0,274,0,0
"Ponca City, OK","38620",2020,279,226,51,2,0,0,0,113,55,39,0,0,123,1,155,0
"Ponce, PR","38660",2020,232,217,15,0,0,0,0,81,42,17,64,0,0,0,9,159
"Port Angeles, WA","38820",2020,244,241,3,0,0,0,0,59,43,31,0,0,182,0,62,0
"Port St. Lucie, FL","38940",2020,182,155,27,0,0,0,0,84,52,41,0,0,120,0,62,0
"Portland-South Portland, ME","38860",2020,306,269,37,0,0,0,0,87,52,40,1,4,225,0,76,0
"Portland-Vancouver-Hillsboro, OR-WA","38900",2020,244,219,22,3,0,0,0,112,52,32,0,13,163,0,68,0
"Portsmouth, OH","39020",2020,274,272,2,0,0,0,0,53,29,14,0,0,0,7,66,201
"Prescott, AZ","39140",2020,271,205,65,1,0,0,0,119,64,46,0,0,271,0,0,0
"Price, UT","39220",2020,289,247,42,0,0,0,0,93,54,44,0,2,287,0,0,0
"Prineville, OR","39260",2020,129,122,7,0,0,0,0,61,43,21,0,0,0,0,129,0
"Providence-Warwick, RI-MA","39300",2020,275,209,62,3,1,0,0,154,62,43,1,3,175,0,96,0
"Provo-Orem, UT","39340",2020,306,195,106,5,0,0,0,150,80,46,1,3,237,0,64,1
"Pueblo, CO","39380",2020,68,65,3,0,0,0,0,63,43,18,0,0,0,0,42,26
"Pullman, WA","39420",2020,244,241,3,0,0,0,0,62,28,13,0,0,0,0,244,0
"Quincy, IL-MO","39500",2020,213,189,24,0,0,0,0,84,51,39,0,0,213,0,0,0
"Racine, WI","39540",2020,93,78,11,3,1,0,0,172,58,40,0,0,93,0,0,0
"Raleigh, NC","39580",2020,274,218,55,1,0,0,0,101,56,40,2,2,155,0,115,0
"Rapid City, SD","39660",2020,182,157,25,0,0,0,0,81,56,42,0,1,147,0,13,21
"Reading, PA","39740",2020,244,190,54,0,0,0,0,97,58,40,0,0,144,0,100,0
"Red Bluff, CA","39780",2020,213,170,43,0,0,0,0,93,61,41,0,0,181,0,32,0
"Red Wing, MN","39860",2020,108,100,8,0,0,0,0,87,50,40,0,0,108,0,0,0
"Redding, CA","39820",2020,241,220,20,1,0,0,0,115,50,40,0,0,236,0,5,0
"Reno, NV","39900",2020,245,177,57,6,5,0,0,163,74,45,1,3,209,0,30,2
"Richmond, VA","40060",2020,276,262,14,0,0,0,0,71,48,38,1,17,210,0,47,1
"Riverside-San Bernardino-Ontario, CA","40140",2020,305,56,165,54,22,6,2,576,150,77,0,5,175,0,72,53
"Riverton, WY","40180",2020,182,155,27,0,0,0,0,77,54,45,0,0,169,6,7,0
"Roanoke Rapids, NC","40260",2020,267,257,10,0,0,0,0,88,42,22,0,40,0,0,227,0
"Roanoke, VA","40220",2020,275,257,18,0,0,0,0,69,47,35,2,7,184,4,78,0
"Rochester, MN","40340",2020,182,151,31,0,0,0,0,100,55,38,0,0,109,0,73,0
"Rochester, NY","40380",2020,275,239,36,0,0,0,0,80,54,38,1,0,217,0,57,0
"Rock Springs, WY","40540",2020,238,178,54,3,2,0,1,1250,64,45,0,5,200,0,1,32
"Rockford, IL","40420",2020,274,213,60,1,0,0,0,101,60,40,0,0,132,0,142,0
"Rockland, ME","40500",2020,148,142,6,0,0,0,0,71,45,31,0,0,148,0,0,0
"Rocky Mount, NC","40580",2020,261,247,14,0,0,0,0,94,47,35,0,0,166,0,95,0
"Rome, GA","40660",2020,274,246,28,0,0,0,0,80,51,29,0,0,0,69,205,0
"Roseburg, OR","40700",2020,91,86,5,0,0,0,0,57,43,24,0,0,0,0,91,0
"Roswell, NM","40740",2020,20,20,0,0,0,0,0,40,26,10,0,0,0,0,20,0
"Ruidoso, NM","40760",2020,17,17,0,0,0,0,0,15,13,4,0,0,0,0,17,0
"Rutland, VT","40860",2020,183,163,20,0,0,0,0,81,51,39,1,0,137,0,45,0
"Sacramento--Roseville--Arden-Arcade, CA","40900",2020,273,148,108,8,8,1,0,222,90,49,0,1,202,0,70,0
"Salem, OH","41400",2020,273,273,0,0,0,0,0,31,4,3,0,0,0,245,0,28
"Salem, OR","41420",2020,152,143,9,0,0,0,0,77,46,28,0,0,61,0,91,0
"Salinas, CA","41500",2020,183,172,11,0,0,0,0,83,45,35,1,0,151,0,30,1
"Salisbury, MD-DE","41540",2020,182,171,11,0,0,0,0,74,47,39,0,0,149,0,33,0
"Salt Lake City, UT","41620",2020,306,157,129,18,2,0,0,194,89,50,1,34,182,1,85,3
"San Antonio-New Braunfels, TX","41700",2020,183,97,82,3,1,0,0,158,77,49,1,1,94,0,87,0
"San Diego-Carlsbad, CA","41740",2020,214,67,138,7,2,0,0,154,84,60,1,2,92,0,118,1
"San Francisco-Oakland-Hayward, CA","41860",2020,215,146,61,3,5,0,0,174,64,43,2,8,106,0,99,0
"San Jose-Sunnyvale-Santa Clara, CA","41940",2020,245,196,42,5,2,0,0,163,65,40,1,2,173,0,68,1
"San Juan-Carolina-Caguas, PR","41980",2020,274,254,11,7,1,0,1,336,41,23,48,27,156,7,13,23
"San Luis Obispo-Paso Robles-Arroyo Grande, CA","42020",2020,182,132,50,0,0,0,0,93,64,43,0,0,131,0,40,11
"Sandpoint, ID","41760",2020,182,179,3,0,0,0,0,59,39,23,0,0,0,0,176,6
"Santa Cruz-Watsonville, CA","42100",2020,182,181,1,0,0,0,0,54,40,33,0,0,139,0,43,0
"Santa Fe, NM","42140",2020,272,225,47,0,0,0,0,90,58,42,0,0,178,0,94,0
"Santa Maria-Santa Barbara, CA","42200",2020,245,218,27,0,0,0,0,93,52,39,1,0,208,0,36,0
"Santa Rosa, CA","42220",2020,245,233,12,0,0,0,0,97,43,32,1,0,173,0,70,1
"Savannah, GA","42340",2020,274,239,33,2,0,0,0,131,53,38,0,0,109,33,132,0
"Sayre, PA","42380",2020,241,230,11,0,0,0,0,73,47,38,0,0,162,0,79,0
"Scottsbluff, NE","42420",2020,209,155,52,2,0,0,0,122,59,38,0,0,0,0,209,0
"Scranton--Wilkes-Barre--Hazleton, PA","42540",2020,245,223,22,0,0,0,0,69,50,39,1,9,159,0,76,0
"Seattle-Tacoma-Bellevue, WA","42660",2020,245,198,44,2,1,0,0,154,61,42,1,13,158,0,73,0
"Sebastian-Vero Beach, FL","42680",2020,238,224,14,0,0,0,0,87,48,37,0,0,238,0,0,0
"Sebring, FL","42700",2020,176,163,13,0,0,0,0,74,48,37,0,0,176,0,0,0
"Seneca, SC","42860",2020,20,20,0,0,0,0,0,0,0,0,0,0,0,20,0,0
"Sevierville, TN","42940",2020,243,223,19,1,0,0,0,105,50,41,0,0,243,0,0,0
"Sheboygan, WI","43100",2020,100,83,14,2,1,0,0,159,74,41,0,0,100,0,0,0
"Shelton, WA","43220",2020,235,235,0,0,0,0,0,41,29,15,0,0,0,0,235,0
"Sheridan, WY","43260",2020,182,175,7,0,0,0,0,64,46,40,0,0,175,0,7,0
"Show Low, AZ","43320",2020,272,229,42,1,0,0,0,136,58,44,0,0,243,0,0,29
"Shreveport-Bossier City, LA","43340",2020,274,224,49,1,0,0,0,126,58,40,0,0,156,0,118,0
"Sierra Vista-Douglas, AZ","43420",2020,274,210,62,2,0,0,0,108,64,45,0,0,231,0,0,43
"Sioux City, IA-NE-SD","43580",2020,213,185,27,1,0,0,0,141,54,38,0,0,146,0,63,4
"Sioux Falls, SD","43620",2020,183,163,20,0,0,0,0,90,54,35,1,2,130,0,50,0
"Somerset, KY","43700",2020,142,134,8,0,0,0,0,64,48,38,0,0,118,0,24,0
"Somerset, PA","43740",2020,244,236,8,0,0,0,0,71,46,37,0,0,244,0,0,0
"Sonora, CA","43760",2020,203,172,31,0,0,0,0,90,54,41,0,0,203,0,0,0
"South Bend-Mishawaka, IN-MI","43780",2020,274,210,59,4,1,0,0,162,62,42,0,1,200,0,73,0
"Spartanburg, SC","43900",2020,274,235,37,2,0,0,0,112,52,40,0,0,158,0,116,0
"Spokane-Spokane Valley, WA","44060",2020,244,193,51,0,0,0,0,87,56,37,0,0,104,0,127,13
"Springfield, IL","44100",2020,272,235,37,0,0,0,0,97,54,41,0,0,179,0,93,0
"Springfield, MA","44140",2020,224,189,35,0,0,0,0,99,55,41,0,2,138,0,84,0
"Springfield, MO","44180",2020,213,189,23,1,0,0,0,116,51,38,0,0,114,0,98,1
"Springfield, OH","44220",2020,274,224,49,1,0,0,0,108,58,40,0,0,183,22,69,0
"St. Cloud, MN","41060",2020,182,165,17,0,0,0,0,80,50,37,0,0,106,0,76,0
"St. George, UT","41100",2020,305,234,68,3,0,0,0,112,64,44,0,1,278,0,26,0
"St. Joseph, MO-KS","41140",2020,213,171,41,1,0,0,0,126,58,40,0,0,113,0,86,14
"St. Louis, MO-IL","41180",2020,274,123,141,9,1,0,0,155,84,52,0,3,113,4,148,6
"St. Marys, PA","41260",2020,238,236,2,0,0,0,0,67,45,36,0,0,238,0,0,0
"State College, PA","44300",2020,244,217,27,0,0,0,0,88,51,41,0,0,198,0,46,0
"Steamboat Springs, CO","44460",2020,257,253,4,0,0,0,0,68,30,13,0,0,0,0,0,257
"Stockton-Lodi, CA","44700",2020,274,185,73,4,12,0,0,195,83,44,0,0,151,0,107,16
"Summerville, GA","44900",2020,214,213,1,0,0,0,0,58,43,32,0,0,214,0,0,0
"Syracuse, NY","45060",2020,274,247,27,0,0,0,0,74,50,38,0,0,228,0,46,0
"Tallahassee, FL","45220",2020,183,133,47,1,2,0,0,161,60,44,1,0,71,0,111,0
"Tampa-St. Petersburg-Clearwater, FL","45300",2020,183,125,55,3,0,0,0,112,64,45,1,0,94,4,80,4
"Taos, NM","45340",2020,181,172,9,0,0,0,0,64,37,20,0,0,0,0,181,0
"Terre Haute, IN","45460",2020,274,231,42,1,0,0,0,112,54,39,0,0,194,0,80,0
"Texarkana, TX-AR","45500",2020,182,150,31,1,0,0,0,127,55,34,0,0,0,0,182,0
"The Dalles, OR","45520",2020,91,82,9,0,0,0,0,72,40,19,0,0,0,0,91,0
"Toledo, OH","45780",2020,274,220,46,8,0,0,0,136,71,40,0,0,183,7,84,0
"Topeka, KS","45820",2020,182,146,33,1,2,0,0,169,58,41,0,0,111,0,71,0
"Torrington, CT","45860",2020,183,168,15,0,0,0,0,84,48,39,1,0,170,0,12,0
"Traverse City, MI","45900",2020,138,127,9,1,1,0,0,164,46,37,0,0,138,0,0,0
"Trenton, NJ","45940",2020,242,211,30,1,0,0,0,112,53,39,0,0,202,0,40,0
"Truckee-Grass Valley, CA","46020",2020,305,214,59,15,13,4,0,252,108,42,0,0,203,0,102,0
"Tucson, AZ","46060",2020,275,131,133,11,0,0,0,126,80,51,1,0,192,0,11,71
"Tulsa, OK","46140",2020,275,203,70,2,0,0,0,129,64,44,1,0,180,0,92,2
"Tupelo, MS","46180",2020,205,204,1,0,0,0,0,54,45,36,0,0,205,0,0,0
"Tuscaloosa, AL","46220",2020,165,159,6,0,0,0,0,97,45,33,0,0,133,0,32,0
"Twin Falls, ID","46300",2020,213,213,0,0,0,0,0,37,23,15,0,0,0,0,213,0
"Tyler, TX","46340",2020,182,172,10,0,0,0,0,84,48,36,0,2,180,0,0,0
"Ukiah, CA","46380",2020,91,74,17,0,0,0,0,66,56,35,0,0,32,0,59,0
"Urban Honolulu, HI","46520",2020,183,176,7,0,0,0,0,82,41,31,1,0,157,19,6,0
"Utica-Rome, NY","46540",2020,272,263,9,0,0,0,0,78,34,14,0,0,0,0,272,0
"Valdosta, GA","46660",2020,119,105,13,1,0,0,0,141,54,29,0,0,0,0,119,0
"Vallejo-Fairfield, CA","46700",2020,274,233,34,7,0,0,0,142,58,38,0,0,206,0,68,0
"Vernal, UT","46860",2020,305,213,89,2,0,0,1,343,67,46,0,0,268,0,37,0
"Victoria, TX","47020",2020,146,132,14,0,0,0,0,100,49,35,0,0,146,0,0,0
"Vincennes, IN","47180",2020,233,211,21,1,0,0,0,105,50,37,0,0,233,0,0,0
"Vineland-Bridgeton, NJ","47220",2020,182,166,16,0,0,0,0,71,50,40,0,0,125,0,57,0
"Vineyard Haven, MA","47240",2020,210,203,6,1,0,0,0,126,46,40,0,0,210,0,0,0
"Virginia Beach-Norfolk-Newport News, VA-NC","47260",2020,204,198,6,0,0,0,0,64,46,36,1,24,102,0,66,11
"Visalia-Porterville, CA","47300",2020,244,71,100,62,9,2,0,209,136,66,0,0,163,0,81,0
"Wabash, IN","47340",2020,242,217,25,0,0,0,0,97,51,38,0,0,242,0,0,0
"Waco, TX","47380",2020,183,162,21,0,0,0,0,87,51,37,1,0,157,0,25,0
"Walla Walla, WA","47460",2020,244,235,9,0,0,0,0,70,39,20,0,0,0,0,99,145
"Warner Robins, GA","47580",2020,241,201,39,1,0,0,0,114,57,35,0,0,0,0,241,0
"Warren, PA","47620",2020,242,241,1,0,0,0,0,65,23,9,0,0,0,242,0,0
"Washington Court House, OH","47920",2020,238,216,22,0,0,0,0,80,50,37,0,0,238,0,0,0
"Washington, IN","47780",2020,270,270,0,0,0,0,0,19,4,0,0,0,0,270,0,0
"Washington, NC","47820",2020,259,259,0,0,0,0,0,34,7,0,0,0,0,259,0,0
"Washington-Arlington-Alexandria, DC-VA-MD-WV","47900",2020,305,251,52,1,1,0,0,166,55,42,0,19,215,0,71,0
"Waterloo-Cedar Falls, IA","47940",2020,305,257,48,0,0,0,0,87,54,37,0,0,170,0,135,0
"Watertown, SD","47980",2020,182,167,15,0,0,0,0,88,47,36,0,0,106,0,61,15
"Watertown-Fort Atkinson, WI","48020",2020,100,87,9,4,0,0,0,136,58,41,0,0,100,0,0,0
"Watertown-Fort Drum, NY","48060",2020,269,256,13,0,0,0,0,90,46,35,0,0,269,0,0,0
"Wausau, WI","48140",2020,92,86,6,0,0,0,0,74,49,40,0,0,92,0,0,0
"Weirton-Steubenville, WV-OH","48260",2020,274,208,65,1,0,0,0,133,61,41,0,0,166,13,95,0
"Wenatchee, WA","48300",2020,244,239,5,0,0,0,0,55,33,17,0,0,0,0,244,0
"Wheeling, WV-OH","48540",2020,274,240,33,1,0,0,0,101,52,37,0,47,184,4,37,2
"Whitewater-Elkhorn, WI","48580",2020,92,80,8,4,0,0,0,136,51,42,0,0,92,0,0,0
"Wichita, KS","48620",2020,182,144,34,4,0,0,0,117,60,41,0,1,131,0,49,1
"Williamsport, PA","48700",2020,244,221,23,0,0,0,0,77,50,37,0,0,156,0,88,0
"Williston, ND","48780",2020,182,182,0,0,0,0,0,20,6,1,0,0,0,182,0,0
"Wilmington, NC","48900",2020,265,255,10,0,0,0,0,74,45,32,0,0,198,0,67,0
"Wilmington, OH","48940",2020,198,174,24,0,0,0,0,97,54,40,0,0,198,0,0,0
"Winchester, VA-WV","49020",2020,232,225,7,0,0,0,0,60,44,35,0,0,191,0,41,0
"Winona, MN","49100",2020,20,19,1,0,0,0,0,52,40,21,0,0,0,0,20,0
"Winston-Salem, NC","49180",2020,244,190,54,0,0,0,0,97,56,41,0,5,129,0,110,0
"Worcester, MA-CT","49340",2020,237,206,31,0,0,0,0,90,52,40,0,6,169,0,61,1
"Yakima, WA","49420",2020,244,209,35,0,0,0,0,90,54,27,0,0,0,0,243,1
"York-Hanover, PA","49620",2020,244,201,43,0,0,0,0,96,55,40,0,13,126,0,105,0
"Youngstown-Warren-Boardman, OH-PA","49660",2020,274,227,43,3,1,0,0,153,58,41,0,0,190,0,84,0
"Yuba City, CA","49700",2020,213,162,50,0,1,0,0,159,61,43,0,0,149,0,63,1
"Yuma, AZ","49740",2020,274,206,68,0,0,0,0,99,67,44,0,0,198,0,45,31
